省份,区域,状态,2020-01-30,2020-01-29,2020-01-28,2020-01-27,2020-01-26,2020-01-25,2020-01-24
湖北,湖北,确诊,549,730,1058,1423,2714,3554,4586
湖北,湖北,疑似,0,0,0,0,0,0,0
湖北,湖北,治愈,31,32,42,45,52,87,90
湖北,湖北,死亡,24,39,52,76,100,125,162
湖北,武汉,确诊,495,572,618,698,1590,1905,2261
湖北,武汉,疑似,0,0,0,0,0,0,0
湖北,武汉,治愈,31,32,40,42,47,54,54
湖北,武汉,死亡,23,38,45,63,85,104,129
湖北,黄冈,确诊,12,64,122,154,213,324,496
湖北,黄冈,疑似,0,0,0,0,0,0,0
湖北,黄冈,治愈,0,0,2,2,2,2,5
湖北,黄冈,死亡,0,0,2,4,4,5,12
湖北,孝感,确诊,22,26,55,100,173,274,399
湖北,孝感,疑似,0,0,0,0,0,0,0
湖北,孝感,治愈,0,0,0,0,0,0,0
湖北,孝感,死亡,0,0,0,1,1,3,6
湖北,荆门,确诊,8,21,38,90,114,142,191
湖北,荆门,疑似,0,0,0,0,0,0,0
湖北,荆门,治愈,0,0,0,0,0,0,0
湖北,荆门,死亡,0,0,1,3,3,4,4
湖北,襄阳,确诊,0,1,8,36,70,131,163
湖北,襄阳,疑似,0,0,0,0,0,0,0
湖北,襄阳,治愈,0,0,0,0,0,0,0
湖北,襄阳,死亡,0,0,0,0,0,0,0
湖北,荆州,确诊,8,10,33,47,71,101,151
湖北,荆州,疑似,0,0,0,0,0,0,0
湖北,荆州,治愈,0,0,0,1,1,1,1
湖北,荆州,死亡,0,0,2,2,2,2,3
湖北,随州,确诊,0,5,36,52,70,116,143
湖北,随州,疑似,0,0,0,0,0,0,0
湖北,随州,治愈,0,0,0,0,0,0,0
湖北,随州,死亡,0,0,0,0,0,0,0
湖北,咸宁,确诊,0,0,43,64,91,112,130
湖北,咸宁,疑似,0,0,0,0,0,0,0
湖北,咸宁,治愈,0,0,0,0,0,0,0
湖北,咸宁,死亡,0,0,0,0,0,0,0
湖北,鄂州,确诊,0,1,1,20,57,84,123
湖北,鄂州,疑似,0,0,0,0,0,0,0
湖北,鄂州,治愈,0,0,0,0,0,0,0
湖北,鄂州,死亡,0,0,0,0,0,1,2
湖北,十堰,确诊,1,5,20,40,65,88,119
湖北,十堰,疑似,0,0,0,0,0,0,0
湖北,十堰,治愈,0,0,0,0,0,0,0
湖北,十堰,死亡,0,0,0,0,0,0,0
湖北,宜昌,确诊,1,1,20,31,51,63,117
湖北,宜昌,疑似,0,0,0,0,0,0,0
湖北,宜昌,治愈,0,0,0,0,0,0,0
湖北,宜昌,死亡,1,1,1,1,1,1,1
湖北,黄石,确诊,0,31,31,36,53,86,113
湖北,黄石,疑似,0,0,0,0,0,0,0
湖北,黄石,治愈,0,0,0,0,0,0,0
湖北,黄石,死亡,0,1,1,1,1,1,1
湖北,恩施州,确诊,0,11,17,25,38,51,66
湖北,恩施州,疑似,0,0,0,0,0,0,0
湖北,恩施州,治愈,0,0,0,0,0,0,0
湖北,恩施州,死亡,0,0,0,0,0,0,0
湖北,仙桃,确诊,2,10,11,12,27,32,55
湖北,仙桃,疑似,0,0,0,0,0,0,0
湖北,仙桃,治愈,0,0,0,0,0,0,0
湖北,仙桃,死亡,0,0,0,0,0,0,0
湖北,天门,确诊,0,3,5,13,23,34,44
湖北,天门,疑似,0,0,0,0,0,0,0
湖北,天门,治愈,0,0,0,0,0,0,0
湖北,天门,死亡,0,0,0,0,2,3,3
湖北,潜江,确诊,0,0,0,5,7,8,10
湖北,潜江,疑似,0,0,0,0,0,0,0
湖北,潜江,治愈,0,0,0,0,0,0,0
湖北,潜江,死亡,0,0,0,1,1,1,1
湖北,神农架林区,确诊,0,0,0,0,1,3,5
湖北,神农架林区,疑似,0,0,0,0,0,0,0
湖北,神农架林区,治愈,0,0,0,0,0,0,0
湖北,神农架林区,死亡,0,0,0,0,0,0,0
浙江,浙江,确诊,43,62,104,128,173,296,428
浙江,浙江,疑似,0,0,0,0,0,0,0
浙江,浙江,治愈,1,1,1,1,3,3,4
浙江,浙江,死亡,0,0,0,0,0,0,0
浙江,温州,确诊,6,10,18,32,60,114,172
浙江,温州,疑似,0,0,0,0,0,0,0
浙江,温州,治愈,1,1,1,1,3,3,3
浙江,温州,死亡,0,0,0,0,0,0,0
浙江,杭州,确诊,6,12,27,27,32,51,69
浙江,杭州,疑似,0,0,0,0,0,0,0
浙江,杭州,治愈,0,0,0,0,0,0,0
浙江,杭州,死亡,0,0,0,0,0,0,0
浙江,台州,确诊,18,20,21,22,22,40,64
浙江,台州,疑似,0,0,0,0,0,0,0
浙江,台州,治愈,0,0,0,0,0,0,0
浙江,台州,死亡,0,0,0,0,0,0,0
浙江,宁波,确诊,5,6,13,13,17,20,41
浙江,宁波,疑似,0,0,0,0,0,0,0
浙江,宁波,治愈,0,0,0,0,0,0,0
浙江,宁波,死亡,0,0,0,0,0,0,0
浙江,金华,确诊,1,2,3,5,7,13,20
浙江,金华,疑似,0,0,0,0,0,0,0
浙江,金华,治愈,0,0,0,0,0,0,0
浙江,金华,死亡,0,0,0,0,0,0,0
浙江,绍兴,确诊,1,4,5,6,7,19,19
浙江,绍兴,疑似,0,0,0,0,0,0,0
浙江,绍兴,治愈,0,0,0,0,0,0,0
浙江,绍兴,死亡,0,0,0,0,0,0,0
浙江,嘉兴,确诊,3,4,8,8,11,14,16
浙江,嘉兴,疑似,0,0,0,0,0,0,0
浙江,嘉兴,治愈,0,0,0,0,0,0,0
浙江,嘉兴,死亡,0,0,0,0,0,0,0
浙江,衢州,确诊,2,2,3,5,5,8,10
浙江,衢州,疑似,0,0,0,0,0,0,0
浙江,衢州,治愈,0,0,0,0,0,0,0
浙江,衢州,死亡,0,0,0,0,0,0,0
浙江,舟山,确诊,1,2,2,4,4,6,6
浙江,舟山,疑似,0,0,0,0,0,0,0
浙江,舟山,治愈,0,0,0,0,0,0,0
浙江,舟山,死亡,0,0,0,0,0,0,0
浙江,丽水,确诊,0,0,3,3,5,6,6
浙江,丽水,疑似,0,0,0,0,0,0,0
浙江,丽水,治愈,0,0,0,0,0,0,1
浙江,丽水,死亡,0,0,0,0,0,0,0
浙江,湖州,确诊,0,0,1,3,3,5,5
浙江,湖州,疑似,0,0,0,0,0,0,0
浙江,湖州,治愈,0,0,0,0,0,0,0
浙江,湖州,死亡,0,0,0,0,0,0,0
广东,广东,确诊,53,78,111,151,207,277,311
广东,广东,疑似,0,0,0,0,0,0,0
广东,广东,治愈,2,2,2,3,4,5,6
广东,广东,死亡,0,0,0,0,0,0,0
广东,深圳,确诊,15,20,31,36,57,80,86
广东,深圳,疑似,0,0,0,0,0,0,0
广东,深圳,治愈,2,2,2,3,4,4,4
广东,深圳,死亡,0,0,0,0,0,0,0
广东,广州,确诊,7,14,17,41,51,63,79
广东,广州,疑似,0,0,0,0,0,0,0
广东,广州,治愈,0,0,0,0,0,0,0
广东,广州,死亡,0,0,0,0,0,0,0
广东,佛山,确诊,7,9,10,14,18,21,25
广东,佛山,疑似,0,0,0,0,0,0,0
广东,佛山,治愈,0,0,0,0,0,0,0
广东,佛山,死亡,0,0,0,0,0,0,0
广东,珠海,确诊,8,10,12,12,12,18,18
广东,珠海,疑似,0,0,0,0,0,0,0
广东,珠海,治愈,0,0,0,0,0,0,0
广东,珠海,死亡,0,0,0,0,0,0,0
广东,惠州,确诊,5,7,8,8,11,12,17
广东,惠州,疑似,0,0,0,0,0,0,0
广东,惠州,治愈,0,0,0,0,0,1,1
广东,惠州,死亡,0,0,0,0,0,0,0
广东,中山,确诊,2,2,2,5,6,13,16
广东,中山,疑似,0,0,0,0,0,0,0
广东,中山,治愈,0,0,0,0,0,0,0
广东,中山,死亡,0,0,0,0,0,0,0
广东,汕头,确诊,0,1,2,2,5,8,12
广东,汕头,疑似,0,0,0,0,0,0,0
广东,汕头,治愈,0,0,0,0,0,0,0
广东,汕头,死亡,0,0,0,0,0,0,0
广东,阳江,确诊,3,5,8,8,9,10,10
广东,阳江,疑似,0,0,0,0,0,0,0
广东,阳江,治愈,0,0,0,0,0,0,0
广东,阳江,死亡,0,0,0,0,0,0,0
广东,湛江,确诊,2,2,4,5,7,9,9
广东,湛江,疑似,0,0,0,0,0,0,0
广东,湛江,治愈,0,0,0,0,0,0,0
广东,湛江,死亡,0,0,0,0,0,0,0
广东,东莞,确诊,0,1,2,2,7,7,7
广东,东莞,疑似,0,0,0,0,0,0,0
广东,东莞,治愈,0,0,0,0,0,0,0
广东,东莞,死亡,0,0,0,0,0,0,0
广东,清远,确诊,1,2,3,3,6,6,6
广东,清远,疑似,0,0,0,0,0,0,0
广东,清远,治愈,0,0,0,0,0,0,0
广东,清远,死亡,0,0,0,0,0,0,0
广东,揭阳,确诊,0,0,3,3,4,6,6
广东,揭阳,疑似,0,0,0,0,0,0,0
广东,揭阳,治愈,0,0,0,0,0,0,0
广东,揭阳,死亡,0,0,0,0,0,0,0
广东,肇庆,确诊,1,2,4,4,4,5,5
广东,肇庆,疑似,0,0,0,0,0,0,0
广东,肇庆,治愈,0,0,0,0,0,0,0
广东,肇庆,死亡,0,0,0,0,0,0,0
广东,梅州,确诊,0,0,1,3,4,4,5
广东,梅州,疑似,0,0,0,0,0,0,0
广东,梅州,治愈,0,0,0,0,0,0,0
广东,梅州,死亡,0,0,0,0,0,0,0
广东,韶关,确诊,3,3,4,4,4,4,4
广东,韶关,疑似,0,0,0,0,0,0,0
广东,韶关,治愈,0,0,0,0,0,0,0
广东,韶关,死亡,0,0,0,0,0,0,0
广东,茂名,确诊,0,0,0,0,0,3,3
广东,茂名,疑似,0,0,0,0,0,0,0
广东,茂名,治愈,0,0,0,0,0,0,0
广东,茂名,死亡,0,0,0,0,0,0,0
广东,汕尾,确诊,0,0,0,1,1,1,1
广东,汕尾,疑似,0,0,0,0,0,0,0
广东,汕尾,治愈,0,0,0,0,0,0,0
广东,汕尾,死亡,0,0,0,0,0,0,0
广东,河源,确诊,0,0,0,0,1,1,1
广东,河源,疑似,0,0,0,0,0,0,0
广东,河源,治愈,0,0,0,0,0,0,0
广东,河源,死亡,0,0,0,0,0,0,0
广东,江门,确诊,0,0,0,0,0,1,1
广东,江门,疑似,0,0,0,0,0,0,0
广东,江门,治愈,0,0,0,0,0,0,0
广东,江门,死亡,0,0,0,0,0,0,0
广东,外地来粤人员,确诊,0,0,0,0,0,5,0
广东,外地来粤人员,疑似,0,0,0,0,0,0,0
广东,外地来粤人员,治愈,0,0,0,0,0,0,0
广东,外地来粤人员,死亡,0,0,0,0,0,0,0
河南,河南,确诊,9,32,83,128,168,206,278
河南,河南,疑似,0,0,0,0,0,0,0
河南,河南,治愈,0,0,0,0,0,1,2
河南,河南,死亡,0,0,1,1,1,2,2
河南,南阳,确诊,0,8,15,19,26,31,51
河南,南阳,疑似,0,0,0,0,0,0,0
河南,南阳,治愈,0,0,0,0,0,0,0
河南,南阳,死亡,0,0,1,1,1,1,1
河南,郑州,确诊,3,6,20,29,37,40,46
河南,郑州,疑似,0,0,0,0,0,0,0
河南,郑州,治愈,0,0,0,0,0,0,0
河南,郑州,死亡,0,0,0,0,0,0,0
河南,信阳,确诊,1,5,22,23,29,32,42
河南,信阳,疑似,0,0,0,0,0,0,0
河南,信阳,治愈,0,0,0,0,0,0,0
河南,信阳,死亡,0,0,0,0,0,0,0
河南,周口,确诊,1,4,5,11,15,19,25
河南,周口,疑似,0,0,0,0,0,0,0
河南,周口,治愈,0,0,0,0,0,0,0
河南,周口,死亡,0,0,0,0,0,0,0
河南,驻马店,确诊,0,2,7,9,10,16,25
河南,驻马店,疑似,0,0,0,0,0,0,0
河南,驻马店,治愈,0,0,0,0,0,0,0
河南,驻马店,死亡,0,0,0,0,0,0,0
河南,商丘,确诊,0,0,0,6,7,14,18
河南,商丘,疑似,0,0,0,0,0,0,0
河南,商丘,治愈,0,0,0,0,0,0,0
河南,商丘,死亡,0,0,0,0,0,0,0
河南,安阳市,确诊,0,0,3,7,0,14,16
河南,安阳市,疑似,0,0,0,0,0,0,0
河南,安阳市,治愈,0,0,0,0,0,0,0
河南,安阳市,死亡,0,0,0,0,0,0,0
河南,新乡,确诊,0,1,3,4,6,7,11
河南,新乡,疑似,0,0,0,0,0,0,0
河南,新乡,治愈,0,0,0,0,0,0,0
河南,新乡,死亡,0,0,0,0,0,0,0
河南,漯河市,确诊,0,0,3,0,0,9,11
河南,漯河市,疑似,0,0,0,0,0,0,0
河南,漯河市,治愈,0,0,0,0,0,0,0
河南,漯河市,死亡,0,0,0,0,0,0,0
河南,平顶山,确诊,0,1,2,5,5,5,8
河南,平顶山,疑似,0,0,0,0,0,0,0
河南,平顶山,治愈,0,0,0,0,0,0,0
河南,平顶山,死亡,0,0,0,0,0,0,0
河南,鹤壁,确诊,0,0,0,2,2,5,6
河南,鹤壁,疑似,0,0,0,0,0,0,0
河南,鹤壁,治愈,0,0,0,0,0,0,0
河南,鹤壁,死亡,0,0,0,0,0,0,0
河南,三门峡,确诊,1,1,2,3,3,4,5
河南,三门峡,疑似,0,0,0,0,0,0,0
河南,三门峡,治愈,0,0,0,0,0,0,0
河南,三门峡,死亡,0,0,0,0,0,0,0
河南,开封,确诊,0,0,0,1,2,3,4
河南,开封,疑似,0,0,0,0,0,0,0
河南,开封,治愈,0,0,0,0,0,0,0
河南,开封,死亡,0,0,0,0,0,0,0
河南,许昌,确诊,0,0,0,1,2,2,3
河南,许昌,疑似,0,0,0,0,0,0,0
河南,许昌,治愈,0,0,0,0,0,0,0
河南,许昌,死亡,0,0,0,0,0,0,0
河南,洛阳,确诊,1,1,1,2,2,2,2
河南,洛阳,疑似,0,0,0,0,0,0,0
河南,洛阳,治愈,0,0,0,0,0,0,0
河南,洛阳,死亡,0,0,0,0,0,0,0
河南,焦作,确诊,0,0,0,0,2,2,2
河南,焦作,疑似,0,0,0,0,0,0,0
河南,焦作,治愈,0,0,0,0,0,0,0
河南,焦作,死亡,0,0,0,0,0,0,0
河南,濮阳,确诊,0,0,0,0,0,1,1
河南,濮阳,疑似,0,0,0,0,0,0,0
河南,濮阳,治愈,0,0,0,0,0,0,0
河南,濮阳,死亡,0,0,0,0,0,0,0
河南,滑县,确诊,0,0,0,0,0,0,1
河南,滑县,疑似,0,0,0,0,0,0,0
河南,滑县,治愈,0,0,0,0,0,0,0
河南,滑县,死亡,0,0,0,0,0,0,0
河南,长垣县,确诊,0,0,0,0,0,0,1
河南,长垣县,疑似,0,0,0,0,0,0,0
河南,长垣县,治愈,0,0,0,0,0,0,0
河南,长垣县,死亡,0,0,0,0,0,0,0
河南,安阳,确诊,0,0,0,0,11,0,0
河南,安阳,疑似,0,0,0,0,0,0,0
河南,安阳,治愈,0,0,0,0,0,0,0
河南,安阳,死亡,0,0,0,0,0,0,0
河南,漯河,确诊,0,0,0,6,9,0,0
河南,漯河,疑似,0,0,0,0,0,0,0
河南,漯河,治愈,0,0,0,0,0,0,0
河南,漯河,死亡,0,0,0,0,0,0,0
河南,巩义,确诊,2,2,0,0,0,0,0
河南,巩义,疑似,0,0,0,0,0,0,0
河南,巩义,治愈,0,0,0,0,0,0,0
河南,巩义,死亡,0,0,0,0,0,0,0
河南,固始县,确诊,0,1,0,0,0,0,0
河南,固始县,疑似,0,0,0,0,0,0,0
河南,固始县,治愈,0,0,0,0,0,0,0
河南,固始县,死亡,0,0,0,0,0,0,0
湖南,湖南,确诊,24,43,69,100,143,221,277
湖南,湖南,疑似,0,0,0,0,0,0,0
湖南,湖南,治愈,0,0,0,0,0,0,0
湖南,湖南,死亡,0,0,0,0,0,0,0
湖南,长沙,确诊,8,8,18,22,24,46,57
湖南,长沙,疑似,0,0,0,0,0,0,0
湖南,长沙,治愈,0,0,0,0,0,0,0
湖南,长沙,死亡,0,0,0,0,0,0,0
湖南,常德,确诊,0,3,7,12,19,26,30
湖南,常德,疑似,0,0,0,0,0,0,0
湖南,常德,治愈,0,0,0,0,0,0,0
湖南,常德,死亡,0,0,0,0,0,0,0
湖南,岳阳,确诊,3,5,6,7,17,26,29
湖南,岳阳,疑似,0,0,0,0,0,0,0
湖南,岳阳,治愈,0,0,0,0,0,0,0
湖南,岳阳,死亡,0,0,0,0,0,0,0
湖南,邵阳,确诊,0,2,2,8,11,19,29
湖南,邵阳,疑似,0,0,0,0,0,0,0
湖南,邵阳,治愈,0,0,0,0,0,0,0
湖南,邵阳,死亡,0,0,0,0,0,0,0
湖南,怀化,确诊,3,5,8,11,16,18,23
湖南,怀化,疑似,0,0,0,0,0,0,0
湖南,怀化,治愈,0,0,0,0,0,0,0
湖南,怀化,死亡,0,0,0,0,0,0,0
湖南,衡阳,确诊,0,3,3,4,7,17,20
湖南,衡阳,疑似,0,0,0,0,0,0,0
湖南,衡阳,治愈,0,0,0,0,0,0,0
湖南,衡阳,死亡,0,0,0,0,0,0,0
湖南,株洲,确诊,1,1,3,5,7,13,18
湖南,株洲,疑似,0,0,0,0,0,0,0
湖南,株洲,治愈,0,0,0,0,0,0,0
湖南,株洲,死亡,0,0,0,0,0,0,0
湖南,益阳,确诊,0,4,4,7,10,14,17
湖南,益阳,疑似,0,0,0,0,0,0,0
湖南,益阳,治愈,0,0,0,0,0,0,0
湖南,益阳,死亡,0,0,0,0,0,0,0
湖南,娄底,确诊,3,5,5,7,9,13,16
湖南,娄底,疑似,0,0,0,0,0,0,0
湖南,娄底,治愈,0,0,0,0,0,0,0
湖南,娄底,死亡,0,0,0,0,0,0,0
湖南,永州,确诊,4,4,4,4,7,11,14
湖南,永州,疑似,0,0,0,0,0,0,0
湖南,永州,治愈,0,0,0,0,0,0,0
湖南,永州,死亡,0,0,0,0,0,0,0
湖南,郴州,确诊,1,1,3,6,7,7,10
湖南,郴州,疑似,0,0,0,0,0,0,0
湖南,郴州,治愈,0,0,0,0,0,0,0
湖南,郴州,死亡,0,0,0,0,0,0,0
湖南,湘潭,确诊,1,2,3,4,6,8,9
湖南,湘潭,疑似,0,0,0,0,0,0,0
湖南,湘潭,治愈,0,0,0,0,0,0,0
湖南,湘潭,死亡,0,0,0,0,0,0,0
湖南,湘西自治州,确诊,0,0,3,3,3,3,4
湖南,湘西自治州,疑似,0,0,0,0,0,0,0
湖南,湘西自治州,治愈,0,0,0,0,0,0,0
湖南,湘西自治州,死亡,0,0,0,0,0,0,0
湖南,张家界,确诊,0,0,0,0,0,0,1
湖南,张家界,疑似,0,0,0,0,0,0,0
湖南,张家界,治愈,0,0,0,0,0,0,0
湖南,张家界,死亡,0,0,0,0,0,0,0
安徽,安徽,确诊,15,39,60,70,106,152,200
安徽,安徽,疑似,0,0,0,0,0,0,0
安徽,安徽,治愈,0,0,0,0,0,2,2
安徽,安徽,死亡,0,0,0,0,0,0,0
安徽,合肥,确诊,6,10,13,13,16,29,39
安徽,合肥,疑似,0,0,0,0,0,0,0
安徽,合肥,治愈,0,0,0,0,0,1,1
安徽,合肥,死亡,0,0,0,0,0,0,0
安徽,阜阳,确诊,2,7,10,10,21,23,28
安徽,阜阳,疑似,0,0,0,0,0,0,0
安徽,阜阳,治愈,0,0,0,0,0,0,0
安徽,阜阳,死亡,0,0,0,0,0,0,0
安徽,亳州,确诊,1,4,6,6,8,15,20
安徽,亳州,疑似,0,0,0,0,0,0,0
安徽,亳州,治愈,0,0,0,0,0,1,1
安徽,亳州,死亡,0,0,0,0,0,0,0
安徽,安庆,确诊,1,4,5,8,8,14,18
安徽,安庆,疑似,0,0,0,0,0,0,0
安徽,安庆,治愈,0,0,0,0,0,0,0
安徽,安庆,死亡,0,0,0,0,0,0,0
安徽,马鞍山,确诊,0,4,7,7,10,11,14
安徽,马鞍山,疑似,0,0,0,0,0,0,0
安徽,马鞍山,治愈,0,0,0,0,0,0,0
安徽,马鞍山,死亡,0,0,0,0,0,0,0
安徽,芜湖,确诊,0,1,3,6,9,11,14
安徽,芜湖,疑似,0,0,0,0,0,0,0
安徽,芜湖,治愈,0,0,0,0,0,0,0
安徽,芜湖,死亡,0,0,0,0,0,0,0
安徽,铜陵,确诊,0,3,3,3,9,9,10
安徽,铜陵,疑似,0,0,0,0,0,0,0
安徽,铜陵,治愈,0,0,0,0,0,0,0
安徽,铜陵,死亡,0,0,0,0,0,0,0
安徽,宿州,确诊,0,0,2,3,3,9,10
安徽,宿州,疑似,0,0,0,0,0,0,0
安徽,宿州,治愈,0,0,0,0,0,0,0
安徽,宿州,死亡,0,0,0,0,0,0,0
安徽,六安,确诊,2,2,3,3,4,6,8
安徽,六安,疑似,0,0,0,0,0,0,0
安徽,六安,治愈,0,0,0,0,0,0,0
安徽,六安,死亡,0,0,0,0,0,0,0
安徽,蚌埠,确诊,1,1,1,3,3,3,8
安徽,蚌埠,疑似,0,0,0,0,0,0,0
安徽,蚌埠,治愈,0,0,0,0,0,0,0
安徽,蚌埠,死亡,0,0,0,0,0,0,0
安徽,黄山,确诊,0,0,1,1,4,7,7
安徽,黄山,疑似,0,0,0,0,0,0,0
安徽,黄山,治愈,0,0,0,0,0,0,0
安徽,黄山,死亡,0,0,0,0,0,0,0
安徽,淮南,确诊,0,0,1,2,2,2,6
安徽,淮南,疑似,0,0,0,0,0,0,0
安徽,淮南,治愈,0,0,0,0,0,0,0
安徽,淮南,死亡,0,0,0,0,0,0,0
安徽,宿松,确诊,0,0,0,0,0,4,6
安徽,宿松,疑似,0,0,0,0,0,0,0
安徽,宿松,治愈,0,0,0,0,0,0,0
安徽,宿松,死亡,0,0,0,0,0,0,0
安徽,滁州,确诊,1,2,2,2,4,4,4
安徽,滁州,疑似,0,0,0,0,0,0,0
安徽,滁州,治愈,0,0,0,0,0,0,0
安徽,滁州,死亡,0,0,0,0,0,0,0
安徽,宣城,确诊,0,0,1,1,2,2,4
安徽,宣城,疑似,0,0,0,0,0,0,0
安徽,宣城,治愈,0,0,0,0,0,0,0
安徽,宣城,死亡,0,0,0,0,0,0,0
安徽,池州,确诊,1,1,1,1,1,1,2
安徽,池州,疑似,0,0,0,0,0,0,0
安徽,池州,治愈,0,0,0,0,0,0,0
安徽,池州,死亡,0,0,0,0,0,0,0
安徽,淮北,确诊,0,0,1,1,2,2,2
安徽,淮北,疑似,0,0,0,0,0,0,0
安徽,淮北,治愈,0,0,0,0,0,0,0
安徽,淮北,死亡,0,0,0,0,0,0,0
重庆,重庆,确诊,27,57,75,110,132,147,165
重庆,重庆,疑似,0,0,0,0,0,0,0
重庆,重庆,治愈,0,0,0,0,0,1,1
重庆,重庆,死亡,0,0,0,0,0,0,0
重庆,万州区,确诊,3,10,13,14,15,17,24
重庆,万州区,疑似,0,0,0,0,0,0,0
重庆,万州区,治愈,0,0,0,0,0,0,0
重庆,万州区,死亡,0,0,0,0,0,0,0
重庆,开州区,确诊,2,4,4,7,9,11,13
重庆,开州区,疑似,0,0,0,0,0,0,0
重庆,开州区,治愈,0,0,0,0,0,0,0
重庆,开州区,死亡,0,0,0,0,0,0,0
重庆,云阳县,确诊,1,2,4,8,10,11,12
重庆,云阳县,疑似,0,0,0,0,0,0,0
重庆,云阳县,治愈,0,0,0,0,0,0,0
重庆,云阳县,死亡,0,0,0,0,0,0,0
重庆,忠县,确诊,1,3,5,6,9,11,11
重庆,忠县,疑似,0,0,0,0,0,0,0
重庆,忠县,治愈,0,0,0,0,0,0,0
重庆,忠县,死亡,0,0,0,0,0,0,0
重庆,两江新区,确诊,1,3,3,7,8,8,8
重庆,两江新区,疑似,0,0,0,0,0,0,0
重庆,两江新区,治愈,0,0,0,0,0,0,0
重庆,两江新区,死亡,0,0,0,0,0,0,0
重庆,渝北区,确诊,2,2,4,5,6,6,7
重庆,渝北区,疑似,0,0,0,0,0,0,0
重庆,渝北区,治愈,0,0,0,0,0,0,0
重庆,渝北区,死亡,0,0,0,0,0,0,0
重庆,长寿区,确诊,3,5,5,6,7,7,7
重庆,长寿区,疑似,0,0,0,0,0,0,0
重庆,长寿区,治愈,0,0,0,0,0,0,0
重庆,长寿区,死亡,0,0,0,0,0,0,0
重庆,石柱县,确诊,0,3,3,3,6,7,7
重庆,石柱县,疑似,0,0,0,0,0,0,0
重庆,石柱县,治愈,0,0,0,0,0,0,0
重庆,石柱县,死亡,0,0,0,0,0,0,0
重庆,大渡口区,确诊,1,2,4,6,6,6,6
重庆,大渡口区,疑似,0,0,0,0,0,0,0
重庆,大渡口区,治愈,0,0,0,0,0,0,0
重庆,大渡口区,死亡,0,0,0,0,0,0,0
重庆,江北区,确诊,0,0,2,3,4,5,6
重庆,江北区,疑似,0,0,0,0,0,0,0
重庆,江北区,治愈,0,0,0,0,0,0,0
重庆,江北区,死亡,0,0,0,0,0,0,0
重庆,合川区,确诊,0,2,2,3,4,5,6
重庆,合川区,疑似,0,0,0,0,0,0,0
重庆,合川区,治愈,0,0,0,0,0,0,0
重庆,合川区,死亡,0,0,0,0,0,0,0
重庆,九龙坡区,确诊,2,3,3,4,5,5,5
重庆,九龙坡区,疑似,0,0,0,0,0,0,0
重庆,九龙坡区,治愈,0,0,0,0,0,0,0
重庆,九龙坡区,死亡,0,0,0,0,0,0,0
重庆,垫江县,确诊,2,2,2,4,5,5,5
重庆,垫江县,疑似,0,0,0,0,0,0,0
重庆,垫江县,治愈,0,0,0,0,0,0,0
重庆,垫江县,死亡,0,0,0,0,0,0,0
重庆,巫山县,确诊,3,3,3,5,5,5,5
重庆,巫山县,疑似,0,0,0,0,0,0,0
重庆,巫山县,治愈,0,0,0,0,0,1,1
重庆,巫山县,死亡,0,0,0,0,0,0,0
重庆,巫溪县,确诊,1,2,3,5,5,5,5
重庆,巫溪县,疑似,0,0,0,0,0,0,0
重庆,巫溪县,治愈,0,0,0,0,0,0,0
重庆,巫溪县,死亡,0,0,0,0,0,0,0
重庆,綦江区,确诊,0,0,0,1,2,4,4
重庆,綦江区,疑似,0,0,0,0,0,0,0
重庆,綦江区,治愈,0,0,0,0,0,0,0
重庆,綦江区,死亡,0,0,0,0,0,0,0
重庆,璧山区,确诊,0,2,2,3,3,4,4
重庆,璧山区,疑似,0,0,0,0,0,0,0
重庆,璧山区,治愈,0,0,0,0,0,0,0
重庆,璧山区,死亡,0,0,0,0,0,0,0
重庆,奉节县,确诊,1,1,3,3,3,4,4
重庆,奉节县,疑似,0,0,0,0,0,0,0
重庆,奉节县,治愈,0,0,0,0,0,0,0
重庆,奉节县,死亡,0,0,0,0,0,0,0
重庆,江津区,确诊,0,0,0,2,2,2,3
重庆,江津区,疑似,0,0,0,0,0,0,0
重庆,江津区,治愈,0,0,0,0,0,0,0
重庆,江津区,死亡,0,0,0,0,0,0,0
重庆,永川区,确诊,2,3,3,3,3,3,3
重庆,永川区,疑似,0,0,0,0,0,0,0
重庆,永川区,治愈,0,0,0,0,0,0,0
重庆,永川区,死亡,0,0,0,0,0,0,0
重庆,丰都县,确诊,0,1,1,3,3,3,3
重庆,丰都县,疑似,0,0,0,0,0,0,0
重庆,丰都县,治愈,0,0,0,0,0,0,0
重庆,丰都县,死亡,0,0,0,0,0,0,0
重庆,大足区,确诊,0,0,1,1,1,1,2
重庆,大足区,疑似,0,0,0,0,0,0,0
重庆,大足区,治愈,0,0,0,0,0,0,0
重庆,大足区,死亡,0,0,0,0,0,0,0
重庆,铜梁区,确诊,0,0,1,1,2,2,2
重庆,铜梁区,疑似,0,0,0,0,0,0,0
重庆,铜梁区,治愈,0,0,0,0,0,0,0
重庆,铜梁区,死亡,0,0,0,0,0,0,0
重庆,潼南区,确诊,0,0,0,2,2,2,2
重庆,潼南区,疑似,0,0,0,0,0,0,0
重庆,潼南区,治愈,0,0,0,0,0,0,0
重庆,潼南区,死亡,0,0,0,0,0,0,0
重庆,南岸区,确诊,0,0,0,0,1,1,2
重庆,南岸区,疑似,0,0,0,0,0,0,0
重庆,南岸区,治愈,0,0,0,0,0,0,0
重庆,南岸区,死亡,0,0,0,0,0,0,0
重庆,渝中区,确诊,0,0,0,0,0,1,2
重庆,渝中区,疑似,0,0,0,0,0,0,0
重庆,渝中区,治愈,0,0,0,0,0,0,0
重庆,渝中区,死亡,0,0,0,0,0,0,0
重庆,涪陵区,确诊,1,1,1,1,1,1,1
重庆,涪陵区,疑似,0,0,0,0,0,0,0
重庆,涪陵区,治愈,0,0,0,0,0,0,0
重庆,涪陵区,死亡,0,0,0,0,0,0,0
重庆,巴南区,确诊,0,0,0,1,1,1,1
重庆,巴南区,疑似,0,0,0,0,0,0,0
重庆,巴南区,治愈,0,0,0,0,0,0,0
重庆,巴南区,死亡,0,0,0,0,0,0,0
重庆,梁平区,确诊,0,1,1,1,1,1,1
重庆,梁平区,疑似,0,0,0,0,0,0,0
重庆,梁平区,治愈,0,0,0,0,0,0,0
重庆,梁平区,死亡,0,0,0,0,0,0,0
重庆,城口县,确诊,0,1,1,1,1,1,1
重庆,城口县,疑似,0,0,0,0,0,0,0
重庆,城口县,治愈,0,0,0,0,0,0,0
重庆,城口县,死亡,0,0,0,0,0,0,0
重庆,秀山县,确诊,1,1,1,1,1,1,1
重庆,秀山县,疑似,0,0,0,0,0,0,0
重庆,秀山县,治愈,0,0,0,0,0,0,0
重庆,秀山县,死亡,0,0,0,0,0,0,0
重庆,黔江区,确诊,0,0,0,0,1,1,1
重庆,黔江区,疑似,0,0,0,0,0,0,0
重庆,黔江区,治愈,0,0,0,0,0,0,0
重庆,黔江区,死亡,0,0,0,0,0,0,0
重庆,武隆区,确诊,0,0,0,0,0,0,1
重庆,武隆区,疑似,0,0,0,0,0,0,0
重庆,武隆区,治愈,0,0,0,0,0,0,0
重庆,武隆区,死亡,0,0,0,0,0,0,0
江西,江西,确诊,7,18,36,48,72,109,162
江西,江西,疑似,0,0,0,0,0,0,0
江西,江西,治愈,0,0,0,1,3,3,4
江西,江西,死亡,0,0,0,0,0,0,0
江西,南昌,确诊,2,3,4,8,17,25,46
江西,南昌,疑似,0,0,0,0,0,0,0
江西,南昌,治愈,0,0,0,0,0,0,0
江西,南昌,死亡,0,0,0,0,0,0,0
江西,九江,确诊,1,2,2,4,9,16,31
江西,九江,疑似,0,0,0,0,0,0,0
江西,九江,治愈,0,0,0,0,0,0,0
江西,九江,死亡,0,0,0,0,0,0,0
江西,赣州,确诊,0,2,7,7,10,16,21
江西,赣州,疑似,0,0,0,0,0,0,0
江西,赣州,治愈,0,0,0,0,0,0,0
江西,赣州,死亡,0,0,0,0,0,0,0
江西,宜春,确诊,0,1,5,6,10,14,14
江西,宜春,疑似,0,0,0,0,0,0,0
江西,宜春,治愈,0,0,0,0,0,0,0
江西,宜春,死亡,0,0,0,0,0,0,0
江西,抚州,确诊,1,4,6,7,8,9,13
江西,抚州,疑似,0,0,0,0,0,0,0
江西,抚州,治愈,0,0,0,0,0,0,0
江西,抚州,死亡,0,0,0,0,0,0,0
江西,新余,确诊,1,1,1,3,3,11,11
江西,新余,疑似,0,0,0,0,0,0,0
江西,新余,治愈,0,0,0,0,1,1,2
江西,新余,死亡,0,0,0,0,0,0,0
江西,上饶,确诊,0,2,6,6,7,9,11
江西,上饶,疑似,0,0,0,0,0,0,0
江西,上饶,治愈,0,0,0,0,0,0,0
江西,上饶,死亡,0,0,0,0,0,0,0
江西,萍乡,确诊,1,1,2,2,2,2,5
江西,萍乡,疑似,0,0,0,0,0,0,0
江西,萍乡,治愈,0,0,0,0,1,1,1
江西,萍乡,死亡,0,0,0,0,0,0,0
江西,吉安,确诊,1,1,2,3,3,4,5
江西,吉安,疑似,0,0,0,0,0,0,0
江西,吉安,治愈,0,0,0,0,1,1,1
江西,吉安,死亡,0,0,0,0,0,0,0
江西,鹰潭,确诊,0,0,0,0,1,1,3
江西,鹰潭,疑似,0,0,0,0,0,0,0
江西,鹰潭,治愈,0,0,0,0,0,0,0
江西,鹰潭,死亡,0,0,0,0,0,0,0
江西,景德镇,确诊,0,1,1,2,2,2,2
江西,景德镇,疑似,0,0,0,0,0,0,0
江西,景德镇,治愈,0,0,0,0,0,0,0
江西,景德镇,死亡,0,0,0,0,0,0,0
山东,山东,确诊,15,27,46,75,95,130,145
山东,山东,疑似,0,0,0,0,0,0,0
山东,山东,治愈,0,0,0,0,0,1,1
山东,山东,死亡,0,0,0,0,0,0,0
山东,青岛,确诊,4,6,8,13,15,17,18
山东,青岛,疑似,0,0,0,0,0,0,0
山东,青岛,治愈,0,0,0,0,0,1,1
山东,青岛,死亡,0,0,0,0,0,0,0
山东,临沂,确诊,2,3,7,7,8,16,16
山东,临沂,疑似,0,0,0,0,0,0,0
山东,临沂,治愈,0,0,0,0,0,0,0
山东,临沂,死亡,0,0,0,0,0,0,0
山东,威海,确诊,2,3,4,9,10,12,14
山东,威海,疑似,0,0,0,0,0,0,0
山东,威海,治愈,0,0,0,0,0,0,0
山东,威海,死亡,0,0,0,0,0,0,0
山东,济南,确诊,2,3,5,7,10,11,14
山东,济南,疑似,0,0,0,0,0,0,0
山东,济南,治愈,0,0,0,0,0,0,0
山东,济南,死亡,0,0,0,0,0,0,0
山东,烟台,确诊,2,2,2,8,10,12,13
山东,烟台,疑似,0,0,0,0,0,0,0
山东,烟台,治愈,0,0,0,0,0,0,0
山东,烟台,死亡,0,0,0,0,0,0,0
山东,德州,确诊,0,1,3,6,8,11,11
山东,德州,疑似,0,0,0,0,0,0,0
山东,德州,治愈,0,0,0,0,0,0,0
山东,德州,死亡,0,0,0,0,0,0,0
山东,日照,确诊,1,3,4,5,6,8,8
山东,日照,疑似,0,0,0,0,0,0,0
山东,日照,治愈,0,0,0,0,0,0,0
山东,日照,死亡,0,0,0,0,0,0,0
山东,济宁,确诊,1,2,5,5,5,5,8
山东,济宁,疑似,0,0,0,0,0,0,0
山东,济宁,治愈,0,0,0,0,0,0,0
山东,济宁,死亡,0,0,0,0,0,0,0
山东,枣庄,确诊,0,0,0,2,5,8,8
山东,枣庄,疑似,0,0,0,0,0,0,0
山东,枣庄,治愈,0,0,0,0,0,0,0
山东,枣庄,死亡,0,0,0,0,0,0,0
山东,潍坊,确诊,1,1,2,3,3,5,7
山东,潍坊,疑似,0,0,0,0,0,0,0
山东,潍坊,治愈,0,0,0,0,0,0,0
山东,潍坊,死亡,0,0,0,0,0,0,0
山东,滨州,确诊,0,1,3,3,4,7,7
山东,滨州,疑似,0,0,0,0,0,0,0
山东,滨州,治愈,0,0,0,0,0,0,0
山东,滨州,死亡,0,0,0,0,0,0,0
山东,菏泽,确诊,0,1,1,4,5,7,7
山东,菏泽,疑似,0,0,0,0,0,0,0
山东,菏泽,治愈,0,0,0,0,0,0,0
山东,菏泽,死亡,0,0,0,0,0,0,0
山东,淄博,确诊,0,0,1,2,2,4,6
山东,淄博,疑似,0,0,0,0,0,0,0
山东,淄博,治愈,0,0,0,0,0,0,0
山东,淄博,死亡,0,0,0,0,0,0,0
山东,聊城,确诊,0,1,1,1,3,4,5
山东,聊城,疑似,0,0,0,0,0,0,0
山东,聊城,治愈,0,0,0,0,0,0,0
山东,聊城,死亡,0,0,0,0,0,0,0
山东,泰安,确诊,0,0,0,0,1,3,3
山东,泰安,疑似,0,0,0,0,0,0,0
山东,泰安,治愈,0,0,0,0,0,0,0
山东,泰安,死亡,0,0,0,0,0,0,0
四川,四川,确诊,15,28,44,69,90,108,142
四川,四川,疑似,0,0,0,0,0,0,0
四川,四川,治愈,0,0,0,0,0,1,1
四川,四川,死亡,0,0,0,0,0,1,1
四川,成都,确诊,7,16,22,33,37,46,59
四川,成都,疑似,0,0,0,0,0,0,0
四川,成都,治愈,0,0,0,0,0,1,1
四川,成都,死亡,0,0,0,0,0,1,1
四川,绵阳,确诊,2,2,5,7,8,8,9
四川,绵阳,疑似,0,0,0,0,0,0,0
四川,绵阳,治愈,0,0,0,0,0,0,0
四川,绵阳,死亡,0,0,0,0,0,0,0
四川,广安,确诊,2,2,2,6,7,7,9
四川,广安,疑似,0,0,0,0,0,0,0
四川,广安,治愈,0,0,0,0,0,0,0
四川,广安,死亡,0,0,0,0,0,0,0
四川,南充,确诊,0,0,2,2,4,5,9
四川,南充,疑似,0,0,0,0,0,0,0
四川,南充,治愈,0,0,0,0,0,0,0
四川,南充,死亡,0,0,0,0,0,0,0
四川,自贡,确诊,0,1,1,2,7,7,7
四川,自贡,疑似,0,0,0,0,0,0,0
四川,自贡,治愈,0,0,0,0,0,0,0
四川,自贡,死亡,0,0,0,0,0,0,0
四川,达州,确诊,1,1,1,3,3,4,6
四川,达州,疑似,0,0,0,0,0,0,0
四川,达州,治愈,0,0,0,0,0,0,0
四川,达州,死亡,0,0,0,0,0,0,0
四川,泸州,确诊,0,1,2,3,4,5,5
四川,泸州,疑似,0,0,0,0,0,0,0
四川,泸州,治愈,0,0,0,0,0,0,0
四川,泸州,死亡,0,0,0,0,0,0,0
四川,甘孜州,确诊,0,0,2,2,3,3,5
四川,甘孜州,疑似,0,0,0,0,0,0,0
四川,甘孜州,治愈,0,0,0,0,0,0,0
四川,甘孜州,死亡,0,0,0,0,0,0,0
四川,宜宾,确诊,0,0,0,1,1,2,5
四川,宜宾,疑似,0,0,0,0,0,0,0
四川,宜宾,治愈,0,0,0,0,0,0,0
四川,宜宾,死亡,0,0,0,0,0,0,0
四川,遂宁,确诊,1,2,2,2,3,3,4
四川,遂宁,疑似,0,0,0,0,0,0,0
四川,遂宁,治愈,0,0,0,0,0,0,0
四川,遂宁,死亡,0,0,0,0,0,0,0
四川,内江,确诊,0,1,1,1,3,4,4
四川,内江,疑似,0,0,0,0,0,0,0
四川,内江,治愈,0,0,0,0,0,0,0
四川,内江,死亡,0,0,0,0,0,0,0
四川,巴中,确诊,0,0,0,0,0,2,4
四川,巴中,疑似,0,0,0,0,0,0,0
四川,巴中,治愈,0,0,0,0,0,0,0
四川,巴中,死亡,0,0,0,0,0,0,0
四川,德阳,确诊,1,1,1,1,1,2,3
四川,德阳,疑似,0,0,0,0,0,0,0
四川,德阳,治愈,0,0,0,0,0,0,0
四川,德阳,死亡,0,0,0,0,0,0,0
四川,广元,确诊,0,0,0,0,0,1,3
四川,广元,疑似,0,0,0,0,0,0,0
四川,广元,治愈,0,0,0,0,0,0,0
四川,广元,死亡,0,0,0,0,0,0,0
四川,雅安,确诊,1,1,1,1,2,2,2
四川,雅安,疑似,0,0,0,0,0,0,0
四川,雅安,治愈,0,0,0,0,0,0,0
四川,雅安,死亡,0,0,0,0,0,0,0
四川,乐山,确诊,0,0,1,1,2,2,2
四川,乐山,疑似,0,0,0,0,0,0,0
四川,乐山,治愈,0,0,0,0,0,0,0
四川,乐山,死亡,0,0,0,0,0,0,0
四川,眉山,确诊,0,0,1,1,1,1,2
四川,眉山,疑似,0,0,0,0,0,0,0
四川,眉山,治愈,0,0,0,0,0,0,0
四川,眉山,死亡,0,0,0,0,0,0,0
四川,凉山,确诊,0,0,0,1,2,2,2
四川,凉山,疑似,0,0,0,0,0,0,0
四川,凉山,治愈,0,0,0,0,0,0,0
四川,凉山,死亡,0,0,0,0,0,0,0
四川,资阳,确诊,0,0,0,2,2,2,2
四川,资阳,疑似,0,0,0,0,0,0,0
四川,资阳,治愈,0,0,0,0,0,0,0
四川,资阳,死亡,0,0,0,0,0,0,0
江苏,江苏,确诊,9,18,33,47,70,99,129
江苏,江苏,疑似,0,0,0,0,0,0,0
江苏,江苏,治愈,0,1,1,1,1,1,1
江苏,江苏,死亡,0,0,0,0,0,0,0
江苏,苏州,确诊,2,3,7,8,12,20,24
江苏,苏州,疑似,0,0,0,0,0,0,0
江苏,苏州,治愈,0,1,1,1,1,1,1
江苏,苏州,死亡,0,0,0,0,0,0,0
江苏,南京,确诊,3,4,7,7,10,14,19
江苏,南京,疑似,0,0,0,0,0,0,0
江苏,南京,治愈,0,0,0,0,0,0,0
江苏,南京,死亡,0,0,0,0,0,0,0
江苏,徐州,确诊,0,0,0,3,8,8,15
江苏,徐州,疑似,0,0,0,0,0,0,0
江苏,徐州,治愈,0,0,0,0,0,0,0
江苏,徐州,死亡,0,0,0,0,0,0,0
江苏,无锡,确诊,1,1,2,4,6,9,10
江苏,无锡,疑似,0,0,0,0,0,0,0
江苏,无锡,治愈,0,0,0,0,0,0,0
江苏,无锡,死亡,0,0,0,0,0,0,0
江苏,常州,确诊,0,5,5,6,8,8,10
江苏,常州,疑似,0,0,0,0,0,0,0
江苏,常州,治愈,0,0,0,0,0,0,0
江苏,常州,死亡,0,0,0,0,0,0,0
江苏,南通,确诊,1,1,2,4,6,6,9
江苏,南通,疑似,0,0,0,0,0,0,0
江苏,南通,治愈,0,0,0,0,0,0,0
江苏,南通,死亡,0,0,0,0,0,0,0
江苏,泰州,确诊,0,0,1,2,4,8,9
江苏,泰州,疑似,0,0,0,0,0,0,0
江苏,泰州,治愈,0,0,0,0,0,0,0
江苏,泰州,死亡,0,0,0,0,0,0,0
江苏,扬州,确诊,1,1,1,4,5,8,8
江苏,扬州,疑似,0,0,0,0,0,0,0
江苏,扬州,治愈,0,0,0,0,0,0,0
江苏,扬州,死亡,0,0,0,0,0,0,0
江苏,淮安,确诊,0,0,1,2,2,3,7
江苏,淮安,疑似,0,0,0,0,0,0,0
江苏,淮安,治愈,0,0,0,0,0,0,0
江苏,淮安,死亡,0,0,0,0,0,0,0
江苏,连云港,确诊,1,1,3,3,3,3,6
江苏,连云港,疑似,0,0,0,0,0,0,0
江苏,连云港,治愈,0,0,0,0,0,0,0
江苏,连云港,死亡,0,0,0,0,0,0,0
江苏,盐城,确诊,0,1,1,1,1,6,6
江苏,盐城,疑似,0,0,0,0,0,0,0
江苏,盐城,治愈,0,0,0,0,0,0,0
江苏,盐城,死亡,0,0,0,0,0,0,0
江苏,宿迁,确诊,0,1,1,1,3,4,4
江苏,宿迁,疑似,0,0,0,0,0,0,0
江苏,宿迁,治愈,0,0,0,0,0,0,0
江苏,宿迁,死亡,0,0,0,0,0,0,0
江苏,镇江,确诊,0,0,2,2,2,2,2
江苏,镇江,疑似,0,0,0,0,0,0,0
江苏,镇江,治愈,0,0,0,0,0,0,0
江苏,镇江,死亡,0,0,0,0,0,0,0
北京,北京,确诊,36,41,68,80,91,111,111
北京,北京,疑似,0,0,0,0,0,0,0
北京,北京,治愈,1,2,2,2,4,4,4
北京,北京,死亡,0,0,0,1,1,1,1
北京,海淀,确诊,6,8,16,17,21,24,24
北京,海淀,疑似,0,0,0,0,0,0,0
北京,海淀,治愈,0,0,0,0,0,0,0
北京,海淀,死亡,0,0,0,0,0,0,0
北京,朝阳,确诊,5,6,11,17,17,21,21
北京,朝阳,疑似,0,0,0,0,0,0,0
北京,朝阳,治愈,0,0,0,0,0,0,0
北京,朝阳,死亡,0,0,0,0,0,0,0
北京,西城,确诊,4,4,5,7,8,12,12
北京,西城,疑似,0,0,0,0,0,0,0
北京,西城,治愈,0,0,0,0,0,0,0
北京,西城,死亡,0,0,0,0,0,0,0
北京,外地来京人员,确诊,10,11,12,11,11,11,11
北京,外地来京人员,疑似,0,0,0,0,0,0,0
北京,外地来京人员,治愈,0,0,0,0,2,2,2
北京,外地来京人员,死亡,0,0,0,0,0,0,0
北京,丰台,确诊,2,2,4,4,7,10,10
北京,丰台,疑似,0,0,0,0,0,0,0
北京,丰台,治愈,0,0,0,0,0,0,0
北京,丰台,死亡,0,0,0,0,0,0,0
北京,大兴,确诊,2,2,3,5,7,10,10
北京,大兴,疑似,0,0,0,0,0,0,0
北京,大兴,治愈,1,2,2,2,2,2,2
北京,大兴,死亡,0,0,0,0,0,0,0
北京,昌平,确诊,3,3,7,7,7,8,8
北京,昌平,疑似,0,0,0,0,0,0,0
北京,昌平,治愈,0,0,0,0,0,0,0
北京,昌平,死亡,0,0,0,0,0,0,0
北京,通州,确诊,2,3,6,7,7,8,8
北京,通州,疑似,0,0,0,0,0,0,0
北京,通州,治愈,0,0,0,0,0,0,0
北京,通州,死亡,0,0,0,0,0,0,0
北京,石景山,确诊,1,1,2,2,2,2,2
北京,石景山,疑似,0,0,0,0,0,0,0
北京,石景山,治愈,0,0,0,0,0,0,0
北京,石景山,死亡,0,0,0,0,0,0,0
北京,顺义,确诊,1,1,1,1,2,2,2
北京,顺义,疑似,0,0,0,0,0,0,0
北京,顺义,治愈,0,0,0,0,0,0,0
北京,顺义,死亡,0,0,0,0,0,0,0
北京,东城,确诊,0,0,1,2,2,2,2
北京,东城,疑似,0,0,0,0,0,0,0
北京,东城,治愈,0,0,0,0,0,0,0
北京,东城,死亡,0,0,0,0,0,0,0
北京,门头沟,确诊,0,0,0,0,0,1,1
北京,门头沟,疑似,0,0,0,0,0,0,0
北京,门头沟,治愈,0,0,0,0,0,0,0
北京,门头沟,死亡,0,0,0,0,0,0,0
上海,上海,确诊,20,33,40,53,66,96,101
上海,上海,疑似,0,0,0,0,0,0,0
上海,上海,治愈,1,1,1,3,4,5,5
上海,上海,死亡,0,0,1,1,1,1,1
上海,外地来沪人员,确诊,0,0,0,23,33,47,48
上海,外地来沪人员,疑似,0,0,0,0,0,0,0
上海,外地来沪人员,治愈,0,0,0,3,3,5,0
上海,外地来沪人员,死亡,0,0,0,0,0,1,1
上海,浦东,确诊,0,0,0,7,9,12,13
上海,浦东,疑似,0,0,0,0,0,0,0
上海,浦东,治愈,0,0,0,0,0,0,0
上海,浦东,死亡,0,0,0,0,0,0,0
上海,静安,确诊,0,0,0,5,5,7,8
上海,静安,疑似,0,0,0,0,0,0,0
上海,静安,治愈,0,0,0,0,0,0,0
上海,静安,死亡,0,0,0,0,0,0,0
上海,长宁,确诊,0,0,0,5,5,5,5
上海,长宁,疑似,0,0,0,0,0,0,0
上海,长宁,治愈,0,0,0,0,0,0,0
上海,长宁,死亡,0,0,0,0,0,0,0
上海,徐汇,确诊,0,0,0,3,3,5,5
上海,徐汇,疑似,0,0,0,0,0,0,0
上海,徐汇,治愈,0,0,0,0,0,0,0
上海,徐汇,死亡,0,0,0,0,0,0,0
上海,奉贤,确诊,0,0,0,1,1,5,5
上海,奉贤,疑似,0,0,0,0,0,0,0
上海,奉贤,治愈,0,0,0,0,0,0,0
上海,奉贤,死亡,0,0,0,0,0,0,0
上海,黄浦,确诊,0,0,0,1,2,3,4
上海,黄浦,疑似,0,0,0,0,0,0,0
上海,黄浦,治愈,0,0,0,0,0,0,0
上海,黄浦,死亡,0,0,0,0,0,0,0
上海,闵行,确诊,0,0,0,2,2,2,3
上海,闵行,疑似,0,0,0,0,0,0,0
上海,闵行,治愈,0,0,0,0,0,0,0
上海,闵行,死亡,0,0,0,0,0,0,0
上海,虹口,确诊,0,0,0,2,2,2,2
上海,虹口,疑似,0,0,0,0,0,0,0
上海,虹口,治愈,0,0,0,0,0,0,0
上海,虹口,死亡,0,0,0,0,0,0,0
上海,青浦,确诊,0,0,0,2,2,2,2
上海,青浦,疑似,0,0,0,0,0,0,0
上海,青浦,治愈,0,0,0,0,0,0,0
上海,青浦,死亡,0,0,0,0,0,0,0
上海,宝山,确诊,0,0,0,1,1,2,2
上海,宝山,疑似,0,0,0,0,0,0,0
上海,宝山,治愈,0,0,0,0,0,0,0
上海,宝山,死亡,0,0,0,0,0,0,0
上海,嘉定,确诊,0,0,0,1,1,2,2
上海,嘉定,疑似,0,0,0,0,0,0,0
上海,嘉定,治愈,0,0,0,0,0,0,0
上海,嘉定,死亡,0,0,0,0,0,0,0
上海,松江,确诊,0,0,0,0,0,1,1
上海,松江,疑似,0,0,0,0,0,0,0
上海,松江,治愈,0,0,0,0,0,0,0
上海,松江,死亡,0,0,0,0,0,0,0
上海,金山,确诊,0,0,0,0,0,1,1
上海,金山,疑似,0,0,0,0,0,0,0
上海,金山,治愈,0,0,0,0,0,0,0
上海,金山,死亡,0,0,0,0,0,0,0
福建,福建,确诊,10,18,35,59,80,84,101
福建,福建,疑似,2,20,0,0,0,0,0
福建,福建,治愈,0,0,0,0,0,0,0
福建,福建,死亡,0,0,0,0,0,0,0
福建,福州,确诊,5,6,13,18,24,24,30
福建,福州,疑似,0,0,0,0,0,0,0
福建,福州,治愈,0,0,0,0,0,0,0
福建,福州,死亡,0,0,0,0,0,0,0
福建,泉州,确诊,1,3,5,10,13,13,18
福建,泉州,疑似,0,0,0,0,0,0,0
福建,泉州,治愈,0,0,0,0,0,0,0
福建,泉州,死亡,0,0,0,0,0,0,0
福建,莆田,确诊,0,0,1,10,14,14,17
福建,莆田,疑似,0,0,0,0,0,0,0
福建,莆田,治愈,0,0,0,0,0,0,0
福建,莆田,死亡,0,0,0,0,0,0,0
福建,三明,确诊,0,1,4,4,8,9,10
福建,三明,疑似,0,0,0,0,0,0,0
福建,三明,治愈,0,0,0,0,0,0,0
福建,三明,死亡,0,0,0,0,0,0,0
福建,宁德,确诊,1,2,3,6,6,7,8
福建,宁德,疑似,0,0,0,0,0,0,0
福建,宁德,治愈,0,0,0,0,0,0,0
福建,宁德,死亡,0,0,0,0,0,0,0
福建,厦门,确诊,3,3,4,4,5,6,7
福建,厦门,疑似,0,0,0,0,0,0,0
福建,厦门,治愈,0,0,0,0,0,0,0
福建,厦门,死亡,0,0,0,0,0,0,0
福建,漳州,确诊,0,3,4,5,6,7,7
福建,漳州,疑似,0,0,0,0,0,0,0
福建,漳州,治愈,0,0,0,0,0,0,0
福建,漳州,死亡,0,0,0,0,0,0,0
福建,南平,确诊,0,0,1,2,3,3,3
福建,南平,疑似,0,0,0,0,0,0,0
福建,南平,治愈,0,0,0,0,0,0,0
福建,南平,死亡,0,0,0,0,0,0,0
福建,龙岩,确诊,0,0,0,0,1,1,1
福建,龙岩,疑似,0,0,0,0,0,0,0
福建,龙岩,治愈,0,0,0,0,0,0,0
福建,龙岩,死亡,0,0,0,0,0,0,0
广西,广西,确诊,13,23,36,46,51,58,78
广西,广西,疑似,0,0,0,0,0,0,0
广西,广西,治愈,0,0,0,0,2,2,2
广西,广西,死亡,0,0,0,0,0,0,0
广西,桂林,确诊,2,6,11,14,15,16,18
广西,桂林,疑似,0,0,0,0,0,0,0
广西,桂林,治愈,0,0,0,0,0,0,0
广西,桂林,死亡,0,0,0,0,0,0,0
广西,北海,确诊,6,6,9,9,11,13,15
广西,北海,疑似,0,0,0,0,0,0,0
广西,北海,治愈,0,0,0,0,0,0,0
广西,北海,死亡,0,0,0,0,0,0,0
广西,南宁,确诊,0,0,1,5,5,7,15
广西,南宁,疑似,0,0,0,0,0,0,0
广西,南宁,治愈,0,0,0,0,0,0,0
广西,南宁,死亡,0,0,0,0,0,0,0
广西,柳州,确诊,2,3,5,6,6,6,10
广西,柳州,疑似,0,0,0,0,0,0,0
广西,柳州,治愈,0,0,0,0,0,0,0
广西,柳州,死亡,0,0,0,0,0,0,0
广西,防城港,确诊,0,2,2,3,3,5,5
广西,防城港,疑似,0,0,0,0,0,0,0
广西,防城港,治愈,0,0,0,0,1,1,1
广西,防城港,死亡,0,0,0,0,0,0,0
广西,河池,确诊,1,3,3,3,3,3,5
广西,河池,疑似,0,0,0,0,0,0,0
广西,河池,治愈,0,0,0,0,0,0,0
广西,河池,死亡,0,0,0,0,0,0,0
广西,梧州,确诊,1,1,2,2,4,4,4
广西,梧州,疑似,0,0,0,0,0,0,0
广西,梧州,治愈,0,0,0,0,1,1,1
广西,梧州,死亡,0,0,0,0,0,0,0
广西,百色,确诊,1,1,2,2,2,2,2
广西,百色,疑似,0,0,0,0,0,0,0
广西,百色,治愈,0,0,0,0,0,0,0
广西,百色,死亡,0,0,0,0,0,0,0
广西,玉林,确诊,0,1,1,2,2,2,2
广西,玉林,疑似,0,0,0,0,0,0,0
广西,玉林,治愈,0,0,0,0,0,0,0
广西,玉林,死亡,0,0,0,0,0,0,0
广西,钦州,确诊,0,0,0,0,0,0,1
广西,钦州,疑似,0,0,0,0,0,0,0
广西,钦州,治愈,0,0,0,0,0,0,0
广西,钦州,死亡,0,0,0,0,0,0,0
广西,贺州,确诊,0,0,0,0,0,0,1
广西,贺州,疑似,0,0,0,0,0,0,0
广西,贺州,治愈,0,0,0,0,0,0,0
广西,贺州,死亡,0,0,0,0,0,0,0
云南,云南,确诊,5,11,16,26,44,55,70
云南,云南,疑似,0,0,0,0,0,0,0
云南,云南,治愈,0,0,0,0,0,0,0
云南,云南,死亡,0,0,0,0,0,0,0
云南,昆明,确诊,3,4,4,7,12,15,21
云南,昆明,疑似,0,0,0,0,0,0,0
云南,昆明,治愈,0,0,0,0,0,0,0
云南,昆明,死亡,0,0,0,0,0,0,0
云南,西双版纳,确诊,1,1,1,1,6,10,10
云南,西双版纳,疑似,0,0,0,0,0,0,0
云南,西双版纳,治愈,0,0,0,0,0,0,0
云南,西双版纳,死亡,0,0,0,0,0,0,0
云南,丽江,确诊,1,2,2,5,6,6,6
云南,丽江,疑似,0,0,0,0,0,0,0
云南,丽江,治愈,0,0,0,0,0,0,0
云南,丽江,死亡,0,0,0,0,0,0,0
云南,玉溪,确诊,0,1,1,1,5,5,6
云南,玉溪,疑似,0,0,0,0,0,0,0
云南,玉溪,治愈,0,0,0,0,0,0,0
云南,玉溪,死亡,0,0,0,0,0,0,0
云南,曲靖,确诊,0,1,1,2,2,5,5
云南,曲靖,疑似,0,0,0,0,0,0,0
云南,曲靖,治愈,0,0,0,0,0,0,0
云南,曲靖,死亡,0,0,0,0,0,0,0
云南,保山,确诊,0,0,2,3,4,4,5
云南,保山,疑似,0,0,0,0,0,0,0
云南,保山,治愈,0,0,0,0,0,0,0
云南,保山,死亡,0,0,0,0,0,0,0
云南,红河,确诊,0,1,1,2,2,2,4
云南,红河,疑似,0,0,0,0,0,0,0
云南,红河,治愈,0,0,0,0,0,0,0
云南,红河,死亡,0,0,0,0,0,0,0
云南,大理,确诊,0,1,1,2,3,3,4
云南,大理,疑似,0,0,0,0,0,0,0
云南,大理,治愈,0,0,0,0,0,0,0
云南,大理,死亡,0,0,0,0,0,0,0
云南,昭通,确诊,0,0,1,1,2,2,4
云南,昭通,疑似,0,0,0,0,0,0,0
云南,昭通,治愈,0,0,0,0,0,0,0
云南,昭通,死亡,0,0,0,0,0,0,0
云南,普洱,确诊,0,0,0,0,0,1,3
云南,普洱,疑似,0,0,0,0,0,0,0
云南,普洱,治愈,0,0,0,0,0,0,0
云南,普洱,死亡,0,0,0,0,0,0,0
云南,德宏,确诊,0,0,2,2,2,2,2
云南,德宏,疑似,0,0,0,0,0,0,0
云南,德宏,治愈,0,0,0,0,0,0,0
云南,德宏,死亡,0,0,0,0,0,0,0
河北,河北,确诊,2,8,13,18,33,48,65
河北,河北,疑似,0,0,0,0,0,0,0
河北,河北,治愈,0,0,0,0,0,0,0
河北,河北,死亡,1,1,1,1,1,1,1
河北,沧州,确诊,1,2,2,2,5,8,12
河北,沧州,疑似,0,0,0,0,0,0,0
河北,沧州,治愈,0,0,0,0,0,0,0
河北,沧州,死亡,1,1,1,1,1,1,1
河北,石家庄,确诊,1,4,5,7,9,10,11
河北,石家庄,疑似,0,0,0,0,0,0,0
河北,石家庄,治愈,0,0,0,0,0,0,0
河北,石家庄,死亡,0,0,0,0,0,0,0
河北,廊坊,确诊,0,0,0,2,6,9,9
河北,廊坊,疑似,0,0,0,0,0,0,0
河北,廊坊,治愈,0,0,0,0,0,0,0
河北,廊坊,死亡,0,0,0,0,0,0,0
河北,保定,确诊,0,1,3,3,3,6,7
河北,保定,疑似,0,0,0,0,0,0,0
河北,保定,治愈,0,0,0,0,0,0,0
河北,保定,死亡,0,0,0,0,0,0,0
河北,邯郸,确诊,0,0,2,2,4,4,6
河北,邯郸,疑似,0,0,0,0,0,0,0
河北,邯郸,治愈,0,0,0,0,0,0,0
河北,邯郸,死亡,0,0,0,0,0,0,0
河北,张家口,确诊,0,0,0,0,0,1,6
河北,张家口,疑似,0,0,0,0,0,0,0
河北,张家口,治愈,0,0,0,0,0,0,0
河北,张家口,死亡,0,0,0,0,0,0,0
河北,邢台,确诊,0,0,0,1,2,3,5
河北,邢台,疑似,0,0,0,0,0,0,0
河北,邢台,治愈,0,0,0,0,0,0,0
河北,邢台,死亡,0,0,0,0,0,0,0
河北,衡水,确诊,0,0,0,0,2,3,4
河北,衡水,疑似,0,0,0,0,0,0,0
河北,衡水,治愈,0,0,0,0,0,0,0
河北,衡水,死亡,0,0,0,0,0,0,0
河北,唐山,确诊,0,0,0,0,1,3,3
河北,唐山,疑似,0,0,0,0,0,0,0
河北,唐山,治愈,0,0,0,0,0,0,0
河北,唐山,死亡,0,0,0,0,0,0,0
河北,承德,确诊,0,1,1,1,1,1,2
河北,承德,疑似,0,0,0,0,0,0,0
河北,承德,治愈,0,0,0,0,0,0,0
河北,承德,死亡,0,0,0,0,0,0,0
陕西,陕西,确诊,5,15,22,35,46,56,56
陕西,陕西,疑似,0,0,0,0,0,0,0
陕西,陕西,治愈,0,0,0,0,0,0,0
陕西,陕西,死亡,0,0,0,0,0,0,0
陕西,西安,确诊,2,4,8,12,15,18,18
陕西,西安,疑似,0,0,0,0,0,0,0
陕西,西安,治愈,0,0,0,0,0,0,0
陕西,西安,死亡,0,0,0,0,0,0,0
陕西,安康,确诊,1,3,3,7,8,10,10
陕西,安康,疑似,0,0,0,0,0,0,0
陕西,安康,治愈,0,0,0,0,0,0,0
陕西,安康,死亡,0,0,0,0,0,0,0
陕西,汉中,确诊,0,0,1,3,4,6,6
陕西,汉中,疑似,0,0,0,0,0,0,0
陕西,汉中,治愈,0,0,0,0,0,0,0
陕西,汉中,死亡,0,0,0,0,0,0,0
陕西,咸阳,确诊,1,3,3,4,4,5,5
陕西,咸阳,疑似,0,0,0,0,0,0,0
陕西,咸阳,治愈,0,0,0,0,0,0,0
陕西,咸阳,死亡,0,0,0,0,0,0,0
陕西,铜川,确诊,0,3,5,5,5,5,5
陕西,铜川,疑似,0,0,0,0,0,0,0
陕西,铜川,治愈,0,0,0,0,0,0,0
陕西,铜川,死亡,0,0,0,0,0,0,0
陕西,宝鸡,确诊,0,0,0,0,3,4,4
陕西,宝鸡,疑似,0,0,0,0,0,0,0
陕西,宝鸡,治愈,0,0,0,0,0,0,0
陕西,宝鸡,死亡,0,0,0,0,0,0,0
陕西,延安,确诊,1,1,1,2,2,3,3
陕西,延安,疑似,0,0,0,0,0,0,0
陕西,延安,治愈,0,0,0,0,0,0,0
陕西,延安,死亡,0,0,0,0,0,0,0
陕西,渭南,确诊,0,0,0,1,3,3,3
陕西,渭南,疑似,0,0,0,0,0,0,0
陕西,渭南,治愈,0,0,0,0,0,0,0
陕西,渭南,死亡,0,0,0,0,0,0,0
陕西,商洛,确诊,0,1,1,1,2,2,2
陕西,商洛,疑似,0,0,0,0,0,0,0
陕西,商洛,治愈,0,0,0,0,0,0,0
陕西,商洛,死亡,0,0,0,0,0,0,0
海南,海南,确诊,8,19,22,33,40,43,43
海南,海南,疑似,0,0,0,0,0,0,0
海南,海南,治愈,0,0,0,0,0,0,0
海南,海南,死亡,0,0,0,1,1,1,1
海南,三亚,确诊,2,6,8,11,14,14,14
海南,三亚,疑似,0,0,0,0,0,0,0
海南,三亚,治愈,0,0,0,0,0,0,0
海南,三亚,死亡,0,0,0,0,0,0,0
海南,海口,确诊,3,3,3,6,7,9,9
海南,海口,疑似,0,0,0,0,0,0,0
海南,海口,治愈,0,0,0,0,0,0,0
海南,海口,死亡,0,0,0,0,0,0,0
海南,万宁,确诊,2,5,5,7,7,8,8
海南,万宁,疑似,0,0,0,0,0,0,0
海南,万宁,治愈,0,0,0,0,0,0,0
海南,万宁,死亡,0,0,0,0,0,0,0
海南,儋州,确诊,0,3,3,5,5,5,5
海南,儋州,疑似,0,0,0,0,0,0,0
海南,儋州,治愈,0,0,0,0,0,0,0
海南,儋州,死亡,0,0,0,0,0,0,0
海南,澄迈县,确诊,0,0,1,2,2,2,2
海南,澄迈县,疑似,0,0,0,0,0,0,0
海南,澄迈县,治愈,0,0,0,0,0,0,0
海南,澄迈县,死亡,0,0,0,0,1,1,1
海南,临高县,确诊,1,1,1,1,1,1,1
海南,临高县,疑似,0,0,0,0,0,0,0
海南,临高县,治愈,0,0,0,0,0,0,0
海南,临高县,死亡,0,0,0,0,0,0,0
海南,陵水县,确诊,0,1,1,1,1,1,1
海南,陵水县,疑似,0,0,0,0,0,0,0
海南,陵水县,治愈,0,0,0,0,0,0,0
海南,陵水县,死亡,0,0,0,0,0,0,0
海南,琼海市,确诊,0,0,0,0,1,1,1
海南,琼海市,疑似,0,0,0,0,0,0,0
海南,琼海市,治愈,0,0,0,0,0,0,0
海南,琼海市,死亡,0,0,0,0,0,0,0
海南,东方市,确诊,0,0,0,0,1,1,1
海南,东方市,疑似,0,0,0,0,0,0,0
海南,东方市,治愈,0,0,0,0,0,0,0
海南,东方市,死亡,0,0,0,0,0,0,0
海南,琼中县,确诊,0,0,0,0,1,1,1
海南,琼中县,疑似,0,0,0,0,0,0,0
海南,琼中县,治愈,0,0,0,0,0,0,0
海南,琼中县,死亡,0,0,0,0,0,0,0
黑龙江,黑龙江,确诊,4,9,15,21,30,38,43
黑龙江,黑龙江,疑似,0,0,0,0,0,0,0
黑龙江,黑龙江,治愈,0,0,0,0,0,0,0
黑龙江,黑龙江,死亡,1,1,1,1,1,1,1
黑龙江,哈尔滨,确诊,1,6,8,8,10,11,13
黑龙江,哈尔滨,疑似,0,0,0,0,0,0,0
黑龙江,哈尔滨,治愈,0,0,0,0,0,0,0
黑龙江,哈尔滨,死亡,0,0,0,0,0,0,0
黑龙江,绥化,确诊,1,1,2,3,8,8,10
黑龙江,绥化,疑似,0,0,0,0,0,0,0
黑龙江,绥化,治愈,0,0,0,0,0,0,0
黑龙江,绥化,死亡,1,1,1,1,1,1,1
黑龙江,大庆,确诊,1,1,3,5,5,5,5
黑龙江,大庆,疑似,0,0,0,0,0,0,0
黑龙江,大庆,治愈,0,0,0,0,0,0,0
黑龙江,大庆,死亡,0,0,0,0,0,0,0
黑龙江,佳木斯,确诊,0,0,0,1,1,5,5
黑龙江,佳木斯,疑似,0,0,0,0,0,0,0
黑龙江,佳木斯,治愈,0,0,0,0,0,0,0
黑龙江,佳木斯,死亡,0,0,0,0,0,0,0
黑龙江,齐齐哈尔,确诊,0,0,1,1,2,3,3
黑龙江,齐齐哈尔,疑似,0,0,0,0,0,0,0
黑龙江,齐齐哈尔,治愈,0,0,0,0,0,0,0
黑龙江,齐齐哈尔,死亡,0,0,0,0,0,0,0
黑龙江,七台河,确诊,0,0,0,1,2,2,2
黑龙江,七台河,疑似,0,0,0,0,0,0,0
黑龙江,七台河,治愈,0,0,0,0,0,0,0
黑龙江,七台河,死亡,0,0,0,0,0,0,0
黑龙江,牡丹江,确诊,1,1,1,1,1,1,1
黑龙江,牡丹江,疑似,0,0,0,0,0,0,0
黑龙江,牡丹江,治愈,0,0,0,0,0,0,0
黑龙江,牡丹江,死亡,0,0,0,0,0,0,0
黑龙江,双鸭山,确诊,0,0,0,1,1,1,1
黑龙江,双鸭山,疑似,0,0,0,0,0,0,0
黑龙江,双鸭山,治愈,0,0,0,0,0,0,0
黑龙江,双鸭山,死亡,0,0,0,0,0,0,0
黑龙江,鸡西,确诊,0,0,0,0,0,1,1
黑龙江,鸡西,疑似,0,0,0,0,0,0,0
黑龙江,鸡西,治愈,0,0,0,0,0,0,0
黑龙江,鸡西,死亡,0,0,0,0,0,0,0
黑龙江,大兴安岭,确诊,0,0,0,0,0,1,1
黑龙江,大兴安岭,疑似,0,0,0,0,0,0,0
黑龙江,大兴安岭,治愈,0,0,0,0,0,0,0
黑龙江,大兴安岭,死亡,0,0,0,0,0,0,0
黑龙江,鹤岗,确诊,0,0,0,0,0,0,1
黑龙江,鹤岗,疑似,0,0,0,0,0,0,0
黑龙江,鹤岗,治愈,0,0,0,0,0,0,0
黑龙江,鹤岗,死亡,0,0,0,0,0,0,0
辽宁,辽宁,确诊,4,16,21,27,34,39,39
辽宁,辽宁,疑似,0,0,0,0,0,0,0
辽宁,辽宁,治愈,0,0,0,0,0,1,1
辽宁,辽宁,死亡,0,0,0,0,0,0,0
辽宁,沈阳,确诊,2,5,6,7,8,9,9
辽宁,沈阳,疑似,0,0,0,0,0,0,0
辽宁,沈阳,治愈,0,0,0,0,0,0,0
辽宁,沈阳,死亡,0,0,0,0,0,0,0
辽宁,大连,确诊,1,4,4,5,5,5,5
辽宁,大连,疑似,0,0,0,0,0,0,0
辽宁,大连,治愈,0,0,0,0,0,1,1
辽宁,大连,死亡,0,0,0,0,0,0,0
辽宁,丹东,确诊,0,0,1,4,5,5,5
辽宁,丹东,疑似,0,0,0,0,0,0,0
辽宁,丹东,治愈,0,0,0,0,0,0,0
辽宁,丹东,死亡,0,0,0,0,0,0,0
辽宁,锦州,确诊,0,0,0,0,4,4,4
辽宁,锦州,疑似,0,0,0,0,0,0,0
辽宁,锦州,治愈,0,0,0,0,0,0,0
辽宁,锦州,死亡,0,0,0,0,0,0,0
辽宁,朝阳,确诊,1,2,2,2,2,4,4
辽宁,朝阳,疑似,0,0,0,0,0,0,0
辽宁,朝阳,治愈,0,0,0,0,0,0,0
辽宁,朝阳,死亡,0,0,0,0,0,0,0
辽宁,葫芦岛,确诊,0,2,2,2,2,4,4
辽宁,葫芦岛,疑似,0,0,0,0,0,0,0
辽宁,葫芦岛,治愈,0,0,0,0,0,0,0
辽宁,葫芦岛,死亡,0,0,0,0,0,0,0
辽宁,本溪,确诊,0,1,2,2,2,2,2
辽宁,本溪,疑似,0,0,0,0,0,0,0
辽宁,本溪,治愈,0,0,0,0,0,0,0
辽宁,本溪,死亡,0,0,0,0,0,0,0
辽宁,铁岭,确诊,0,2,2,2,2,2,2
辽宁,铁岭,疑似,0,0,0,0,0,0,0
辽宁,铁岭,治愈,0,0,0,0,0,0,0
辽宁,铁岭,死亡,0,0,0,0,0,0,0
辽宁,盘锦,确诊,0,0,1,2,2,2,2
辽宁,盘锦,疑似,0,0,0,0,0,0,0
辽宁,盘锦,治愈,0,0,0,0,0,0,0
辽宁,盘锦,死亡,0,0,0,0,0,0,0
辽宁,营口,确诊,0,0,1,1,1,1,1
辽宁,营口,疑似,0,0,0,0,0,0,0
辽宁,营口,治愈,0,0,0,0,0,0,0
辽宁,营口,死亡,0,0,0,0,0,0,0
辽宁,辽阳,确诊,0,0,0,0,1,1,1
辽宁,辽阳,疑似,0,0,0,0,0,0,0
辽宁,辽阳,治愈,0,0,0,0,0,0,0
辽宁,辽阳,死亡,0,0,0,0,0,0,0
山西,山西,确诊,1,6,9,13,20,27,35
山西,山西,疑似,0,0,0,0,0,0,0
山西,山西,治愈,0,0,0,0,0,1,1
山西,山西,死亡,0,0,0,0,0,0,0
山西,晋中,确诊,0,0,2,2,5,9,9
山西,晋中,疑似,0,0,0,0,0,0,0
山西,晋中,治愈,0,0,0,0,0,0,0
山西,晋中,死亡,0,0,0,0,0,0,0
山西,运城,确诊,0,2,2,2,3,4,7
山西,运城,疑似,0,0,0,0,0,0,0
山西,运城,治愈,0,0,0,0,0,0,0
山西,运城,死亡,0,0,0,0,0,0,0
山西,大同,确诊,0,1,1,1,1,3,4
山西,大同,疑似,0,0,0,0,0,0,0
山西,大同,治愈,0,0,0,0,0,0,0
山西,大同,死亡,0,0,0,0,0,0,0
山西,吕梁,确诊,0,0,0,1,3,3,4
山西,吕梁,疑似,0,0,0,0,0,0,0
山西,吕梁,治愈,0,0,0,0,0,0,0
山西,吕梁,死亡,0,0,0,0,0,0,0
山西,太原,确诊,1,2,2,2,3,3,3
山西,太原,疑似,0,0,0,0,0,0,0
山西,太原,治愈,0,0,0,0,0,1,1
山西,太原,死亡,0,0,0,0,0,0,0
山西,长治,确诊,0,1,1,1,1,1,3
山西,长治,疑似,0,0,0,0,0,0,0
山西,长治,治愈,0,0,0,0,0,0,0
山西,长治,死亡,0,0,0,0,0,0,0
山西,朔州,确诊,0,0,0,2,2,2,3
山西,朔州,疑似,0,0,0,0,0,0,0
山西,朔州,治愈,0,0,0,0,0,0,0
山西,朔州,死亡,0,0,0,0,0,0,0
山西,阳泉,确诊,0,0,1,1,1,1,1
山西,阳泉,疑似,0,0,0,0,0,0,0
山西,阳泉,治愈,0,0,0,0,0,0,0
山西,阳泉,死亡,0,0,0,0,0,0,0
山西,临汾,确诊,0,0,0,1,1,1,1
山西,临汾,疑似,0,0,0,0,0,0,0
山西,临汾,治愈,0,0,0,0,0,0,0
山西,临汾,死亡,0,0,0,0,0,0,0
天津,天津,确诊,8,10,14,22,24,27,28
天津,天津,疑似,0,0,0,0,0,0,0
天津,天津,治愈,0,0,0,0,0,0,0
天津,天津,死亡,0,0,0,0,0,0,0
天津,河北区,确诊,0,0,5,7,7,7,8
天津,河北区,疑似,0,0,0,0,0,0,0
天津,河北区,治愈,0,0,0,0,0,0,0
天津,河北区,死亡,0,0,0,0,0,0,0
天津,河东区,确诊,0,0,3,5,6,6,6
天津,河东区,疑似,0,0,0,0,0,0,0
天津,河东区,治愈,0,0,0,0,0,0,0
天津,河东区,死亡,0,0,0,0,0,0,0
天津,外地来津人员,确诊,0,0,0,0,0,4,4
天津,外地来津人员,疑似,0,0,0,0,0,0,0
天津,外地来津人员,治愈,0,0,0,0,0,0,0
天津,外地来津人员,死亡,0,0,0,0,0,0,0
天津,河西区,确诊,0,0,0,3,3,3,3
天津,河西区,疑似,0,0,0,0,0,0,0
天津,河西区,治愈,0,0,0,0,0,0,0
天津,河西区,死亡,0,0,0,0,0,0,0
天津,和平区,确诊,0,0,1,1,1,2,2
天津,和平区,疑似,0,0,0,0,0,0,0
天津,和平区,治愈,0,0,0,0,0,0,0
天津,和平区,死亡,0,0,0,0,0,0,0
天津,西青区,确诊,0,0,1,1,2,2,2
天津,西青区,疑似,0,0,0,0,0,0,0
天津,西青区,治愈,0,0,0,0,0,0,0
天津,西青区,死亡,0,0,0,0,0,0,0
天津,滨海新区,确诊,0,0,1,1,1,1,1
天津,滨海新区,疑似,0,0,0,0,0,0,0
天津,滨海新区,治愈,0,0,0,0,0,0,0
天津,滨海新区,死亡,0,0,0,0,0,0,0
天津,南开区,确诊,0,0,1,1,1,1,1
天津,南开区,疑似,0,0,0,0,0,0,0
天津,南开区,治愈,0,0,0,0,0,0,0
天津,南开区,死亡,0,0,0,0,0,0,0
天津,红桥区,确诊,0,0,0,1,1,1,1
天津,红桥区,疑似,0,0,0,0,0,0,0
天津,红桥区,治愈,0,0,0,0,0,0,0
天津,红桥区,死亡,0,0,0,0,0,0,0
天津,外地来津,确诊,0,0,2,2,2,0,0
天津,外地来津,疑似,0,0,0,0,0,0,0
天津,外地来津,治愈,0,0,0,0,0,0,0
天津,外地来津,死亡,0,0,0,0,0,0,0
甘肃,甘肃,确诊,2,4,7,14,19,24,26
甘肃,甘肃,疑似,0,0,0,0,0,0,0
甘肃,甘肃,治愈,0,0,0,0,0,0,0
甘肃,甘肃,死亡,0,0,0,0,0,0,0
甘肃,兰州,确诊,1,2,4,8,11,14,14
甘肃,兰州,疑似,0,0,0,0,0,0,0
甘肃,兰州,治愈,0,0,0,0,0,0,0
甘肃,兰州,死亡,0,0,0,0,0,0,0
甘肃,临夏,确诊,0,1,1,2,2,2,2
甘肃,临夏,疑似,0,0,0,0,0,0,0
甘肃,临夏,治愈,0,0,0,0,0,0,0
甘肃,临夏,死亡,0,0,0,0,0,0,0
甘肃,定西,确诊,0,0,1,1,1,1,2
甘肃,定西,疑似,0,0,0,0,0,0,0
甘肃,定西,治愈,0,0,0,0,0,0,0
甘肃,定西,死亡,0,0,0,0,0,0,0
甘肃,张掖,确诊,0,0,0,1,1,2,2
甘肃,张掖,疑似,0,0,0,0,0,0,0
甘肃,张掖,治愈,0,0,0,0,0,0,0
甘肃,张掖,死亡,0,0,0,0,0,0,0
甘肃,天水市,确诊,0,0,0,0,0,1,2
甘肃,天水市,疑似,0,0,0,0,0,0,0
甘肃,天水市,治愈,0,0,0,0,0,0,0
甘肃,天水市,死亡,0,0,0,0,0,0,0
甘肃,白银市,确诊,0,0,1,0,0,1,1
甘肃,白银市,疑似,0,0,0,0,0,0,0
甘肃,白银市,治愈,0,0,0,0,0,0,0
甘肃,白银市,死亡,0,0,0,0,0,0,0
甘肃,陇南,确诊,0,0,0,1,1,1,1
甘肃,陇南,疑似,0,0,0,0,0,0,0
甘肃,陇南,治愈,0,0,0,0,0,0,0
甘肃,陇南,死亡,0,0,0,0,0,0,0
甘肃,金昌市,确诊,0,0,0,0,0,1,1
甘肃,金昌市,疑似,0,0,0,0,0,0,0
甘肃,金昌市,治愈,0,0,0,0,0,0,0
甘肃,金昌市,死亡,0,0,0,0,0,0,0
甘肃,平凉市,确诊,0,0,0,0,0,1,1
甘肃,平凉市,疑似,0,0,0,0,0,0,0
甘肃,平凉市,治愈,0,0,0,0,0,0,0
甘肃,平凉市,死亡,0,0,0,0,0,0,0
甘肃,白银,确诊,1,1,0,1,1,0,0
甘肃,白银,疑似,0,0,0,0,0,0,0
甘肃,白银,治愈,0,0,0,0,0,0,0
甘肃,白银,死亡,0,0,0,0,0,0,0
甘肃,金昌,确诊,0,0,0,0,1,0,0
甘肃,金昌,疑似,0,0,0,0,0,0,0
甘肃,金昌,治愈,0,0,0,0,0,0,0
甘肃,金昌,死亡,0,0,0,0,0,0,0
甘肃,天水,确诊,0,0,0,0,1,0,0
甘肃,天水,疑似,0,0,0,0,0,0,0
甘肃,天水,治愈,0,0,0,0,0,0,0
甘肃,天水,死亡,0,0,0,0,0,0,0
内蒙古,内蒙古,确诊,1,7,7,11,15,16,16
内蒙古,内蒙古,疑似,0,0,0,0,0,0,0
内蒙古,内蒙古,治愈,0,0,0,0,0,0,0
内蒙古,内蒙古,死亡,0,0,0,0,0,0,0
内蒙古,包头,确诊,0,0,0,2,3,3,3
内蒙古,包头,疑似,0,0,0,0,0,0,0
内蒙古,包头,治愈,0,0,0,0,0,0,0
内蒙古,包头,死亡,0,0,0,0,0,0,0
内蒙古,呼和浩特,确诊,0,0,0,0,2,2,2
内蒙古,呼和浩特,疑似,0,0,0,0,0,0,0
内蒙古,呼和浩特,治愈,0,0,0,0,0,0,0
内蒙古,呼和浩特,死亡,0,0,0,0,0,0,0
内蒙古,呼伦贝尔,确诊,0,1,1,1,1,2,2,2
内蒙古,呼伦贝尔,疑似,0,0,0,0,0,0,0,0
内蒙古,呼伦贝尔,治愈,0,0,0,0,0,0,0,0
内蒙古,呼伦贝尔,死亡,0,0,0,0,0,0,0,0
内蒙古,锡林郭勒盟,确诊,0,0,2,1,1,2,2,2
内蒙古,锡林郭勒盟,疑似,0,0,0,0,0,0,0,0
内蒙古,锡林郭勒盟,治愈,0,0,0,0,0,0,0,0
内蒙古,锡林郭勒盟,死亡,0,0,0,0,0,0,0,0
内蒙古,鄂尔多斯,确诊,0,2,2,1,1,2,2,2
内蒙古,鄂尔多斯,疑似,0,0,0,0,0,0,0,0
内蒙古,鄂尔多斯,治愈,0,0,0,0,0,0,0,0
内蒙古,鄂尔多斯,死亡,0,0,0,0,0,0,0,0
内蒙古,赤峰,确诊,0,1,1,1,2,2,2
内蒙古,赤峰,疑似,0,0,0,0,0,0,0
内蒙古,赤峰,治愈,0,0,0,0,0,0,0
内蒙古,赤峰,死亡,0,0,0,0,0,0,0
内蒙古,兴安盟,确诊,0,0,0,1,1,1,1
内蒙古,兴安盟,疑似,0,0,0,0,0,0,0
内蒙古,兴安盟,治愈,0,0,0,0,0,0,0
内蒙古,兴安盟,死亡,0,0,0,0,0,0,0
内蒙古,通辽,确诊,0,0,0,1,1,1,1
内蒙古,通辽,疑似,0,0,0,0,0,0,0
内蒙古,通辽,治愈,0,0,0,0,0,0,0
内蒙古,通辽,死亡,0,0,0,0,0,0,0
内蒙古,巴彦淖尔,确诊,0,0,0,0,0,1,1
内蒙古,巴彦淖尔,疑似,0,0,0,0,0,0,0
内蒙古,巴彦淖尔,治愈,0,0,0,0,0,0,0
内蒙古,巴彦淖尔,死亡,0,0,0,0,0,0,0
内蒙古,满洲里,确诊,1,1,1,0,0,0,0
内蒙古,满洲里,疑似,0,0,0,0,0,0,0
内蒙古,满洲里,治愈,0,0,0,0,0,0,0
内蒙古,满洲里,死亡,0,0,0,0,0,0,0
内蒙古,锡林郭勒,确诊,0,2,0,0,0,0,0
内蒙古,锡林郭勒,疑似,0,0,0,0,0,0,0
内蒙古,锡林郭勒,治愈,0,0,0,0,0,0,0
内蒙古,锡林郭勒,死亡,0,0,0,0,0,0,0
吉林,吉林,确诊,3,4,4,6,8,9,14
吉林,吉林,疑似,0,0,0,0,0,0,0
吉林,吉林,治愈,0,0,0,0,0,0,1
吉林,吉林,死亡,0,0,0,0,0,0,0
吉林,长春,确诊,1,1,1,1,1,1,4
吉林,长春,疑似,0,0,0,0,0,0,0
吉林,长春,治愈,0,0,0,0,0,0,1
吉林,长春,死亡,0,0,0,0,0,0,0
吉林,吉林,确诊,1,2,2,2,3,3,3
吉林,吉林,疑似,0,0,0,0,0,0,0
吉林,吉林,治愈,0,0,0,0,0,0,0
吉林,吉林,死亡,0,0,0,0,0,0,0
吉林,松原,确诊,1,1,1,2,2,2,2
吉林,松原,疑似,0,0,0,0,0,0,0
吉林,松原,治愈,0,0,0,0,0,0,0
吉林,松原,死亡,0,0,0,0,0,0,0
吉林,延边,确诊,0,0,0,0,0,0,2
吉林,延边,疑似,0,0,0,0,0,0,0
吉林,延边,治愈,0,0,0,0,0,0,0
吉林,延边,死亡,0,0,0,0,0,0,0
吉林,四平市,确诊,0,0,0,0,0,1,1
吉林,四平市,疑似,0,0,0,0,0,0,0
吉林,四平市,治愈,0,0,0,0,0,0,0
吉林,四平市,死亡,0,0,0,0,0,0,0
吉林,公主岭,确诊,0,0,0,0,1,1,1
吉林,公主岭,疑似,0,0,0,0,0,0,0
吉林,公主岭,治愈,0,0,0,0,0,0,0
吉林,公主岭,死亡,0,0,0,0,0,0,0
吉林,通化,确诊,0,0,0,0,0,1,1
吉林,通化,疑似,0,0,0,0,0,0,0
吉林,通化,治愈,0,0,0,0,0,0,0
吉林,通化,死亡,0,0,0,0,0,0,0
吉林,四平,确诊,0,0,0,1,1,0,0
吉林,四平,疑似,0,0,0,0,0,0,0
吉林,四平,治愈,0,0,0,0,0,0,0
吉林,四平,死亡,0,0,0,0,0,0,0
新疆,新疆,确诊,2,3,4,5,10,13,14
新疆,新疆,疑似,0,0,0,0,0,0,0
新疆,新疆,治愈,0,0,0,0,0,0,0
新疆,新疆,死亡,0,0,0,0,0,0,0
新疆,乌鲁木齐,确诊,0,3,3,4,5,6,7
新疆,乌鲁木齐,疑似,0,0,0,0,0,0,0
新疆,乌鲁木齐,治愈,0,0,0,0,0,0,0
新疆,乌鲁木齐,死亡,0,0,0,0,0,0,0
新疆,伊犁州,确诊,0,0,1,1,2,4,4
新疆,伊犁州,疑似,0,0,0,0,0,0,0
新疆,伊犁州,治愈,0,0,0,0,0,0,0
新疆,伊犁州,死亡,0,0,0,0,0,0,0
新疆,吐鲁番,确诊,0,0,0,0,1,1,1
新疆,吐鲁番,疑似,0,0,0,0,0,0,0
新疆,吐鲁番,治愈,0,0,0,0,0,0,0
新疆,吐鲁番,死亡,0,0,0,0,0,0,0
新疆,第七师,确诊,0,0,0,0,1,1,1
新疆,第七师,疑似,0,0,0,0,0,0,0
新疆,第七师,治愈,0,0,0,0,0,0,0
新疆,第七师,死亡,0,0,0,0,0,0,0
新疆,第八师石河子,确诊,0,0,0,0,1,1,1
新疆,第八师石河子,疑似,0,0,0,0,0,0,0
新疆,第八师石河子,治愈,0,0,0,0,0,0,0
新疆,第八师石河子,死亡,0,0,0,0,0,0,0
贵州,贵州,确诊,3,4,5,7,9,9,12
贵州,贵州,疑似,0,0,0,0,0,0,0
贵州,贵州,治愈,0,0,0,0,0,1,1
贵州,贵州,死亡,0,0,0,0,0,0,0
贵州,黔南州,确诊,1,1,1,2,4,4,4
贵州,黔南州,疑似,0,0,0,0,0,0,0
贵州,黔南州,治愈,0,0,0,0,0,0,0
贵州,黔南州,死亡,0,0,0,0,0,0,0
贵州,铜仁,确诊,1,2,2,2,2,2,2
贵州,铜仁,疑似,0,0,0,0,0,0,0
贵州,铜仁,治愈,0,0,0,0,0,0,0
贵州,铜仁,死亡,0,0,0,0,0,0,0
贵州,贵阳,确诊,1,1,1,1,1,1,1
贵州,贵阳,疑似,0,0,0,0,0,0,0
贵州,贵阳,治愈,0,0,0,0,0,1,1
贵州,贵阳,死亡,0,0,0,0,0,0,0
贵州,黔西南州,确诊,0,0,1,1,1,1,1
贵州,黔西南州,疑似,0,0,0,0,0,0,0
贵州,黔西南州,治愈,0,0,0,0,0,0,0
贵州,黔西南州,死亡,0,0,0,0,0,0,0
贵州,六盘水,确诊,0,0,0,1,1,1,1
贵州,六盘水,疑似,0,0,0,0,0,0,0
贵州,六盘水,治愈,0,0,0,0,0,0,0
贵州,六盘水,死亡,0,0,0,0,0,0,0
贵州,遵义,确诊,0,0,0,0,0,0,1
贵州,遵义,疑似,0,0,0,0,0,0,0
贵州,遵义,治愈,0,0,0,0,0,0,0
贵州,遵义,死亡,0,0,0,0,0,0,0
贵州,黔东南州,确诊,0,0,0,0,0,0,1
贵州,黔东南州,疑似,0,0,0,0,0,0,0
贵州,黔东南州,治愈,0,0,0,0,0,0,0
贵州,黔东南州,死亡,0,0,0,0,0,0,0
贵州,毕节,确诊,0,0,0,0,0,0,1
贵州,毕节,疑似,0,0,0,0,0,0,0
贵州,毕节,治愈,0,0,0,0,0,0,0
贵州,毕节,死亡,0,0,0,0,0,0,0
宁夏,宁夏,确诊,2,3,4,7,11,12,12
宁夏,宁夏,疑似,0,0,0,0,0,0,0
宁夏,宁夏,治愈,0,0,0,0,0,0,0
宁夏,宁夏,死亡,0,0,0,0,0,0,0
宁夏,银川,确诊,1,1,2,5,7,7,7
宁夏,银川,疑似,0,0,0,0,0,0,0
宁夏,银川,治愈,0,0,0,0,0,0,0
宁夏,银川,死亡,0,0,0,0,0,0,0
宁夏,吴忠,确诊,0,0,0,0,2,3,3
宁夏,吴忠,疑似,0,0,0,0,0,0,0
宁夏,吴忠,治愈,0,0,0,0,0,0,0
宁夏,吴忠,死亡,0,0,0,0,0,0,0
宁夏,中卫,确诊,1,1,1,1,1,1,1
宁夏,中卫,疑似,0,0,0,0,0,0,0
宁夏,中卫,治愈,0,0,0,0,0,0,0
宁夏,中卫,死亡,0,0,0,0,0,0,0
宁夏,固原,确诊,0,1,1,1,1,1,1
宁夏,固原,疑似,0,0,0,0,0,0,0
宁夏,固原,治愈,0,0,0,0,0,0,0
宁夏,固原,死亡,0,0,0,0,0,0,0
香港,香港,确诊,2,5,5,8,8,10,10
香港,香港,疑似,0,0,0,0,0,0,0
香港,香港,治愈,0,0,0,0,0,0,0
香港,香港,死亡,0,0,0,0,0,0,0
台湾,台湾,确诊,1,3,4,5,8,8,8
台湾,台湾,疑似,0,0,0,0,0,0,0
台湾,台湾,治愈,0,0,0,0,0,0,0
台湾,台湾,死亡,0,0,0,0,0,0,0
澳门,澳门,确诊,2,2,5,6,7,7,7
澳门,澳门,疑似,0,0,0,0,0,0,0
澳门,澳门,治愈,0,0,0,0,0,0,0
澳门,澳门,死亡,0,0,0,0,0,0,0
青海,青海,确诊,0,1,1,6,6,6,6
青海,青海,疑似,1,0,0,0,0,0,0
青海,青海,治愈,0,0,0,0,0,0,0
青海,青海,死亡,0,0,0,0,0,0,0
青海,西宁,确诊,0,1,1,6,6,6,6
青海,西宁,疑似,0,0,0,0,0,0,0
青海,西宁,治愈,0,0,0,0,0,0,0
青海,西宁,死亡,0,0,0,0,0,0,0
西藏,西藏,确诊,0,0,0,0,0,0,1
西藏,西藏,疑似,0,0,0,0,0,1,0
西藏,西藏,治愈,0,0,0,0,0,0,0
西藏,西藏,死亡,0,0,0,0,0,0,0
